{"tasks":[{"id":-1,"name":"SAMPLE PROJECT PLAN (2)","progress":0,"progressByWorklog":false,"relevance":0,"type":"","typeId":"","description":"","code":"","level":0,"status":"STATUS_ACTIVE","depends":"","start":1532318400000,"duration":106,"min_duration":" - ","max_duration":" - ","distribution":" - ","end":1545109199999,"startIsMilestone":false,"endIsMilestone":false,"collapsed":false,"canWrite":true,"canAdd":true,"canDelete":true,"canAddIssue":true,"assigs":[],"hasChild":true},{"id":-2,"name":"FEASIBILITY","progress":0,"progressByWorklog":false,"relevance":0,"type":"","typeId":"","description":"","code":"","level":1,"status":"STATUS_ACTIVE","depends":"","start":1532318400000,"duration":10,"min_duration":" - ","max_duration":" - ","distribution":" - ","end":1533355199999,"startIsMilestone":false,"endIsMilestone":false,"collapsed":false,"canWrite":true,"canAdd":true,"canDelete":true,"canAddIssue":true,"assigs":[],"hasChild":true},{"id":-3,"name":"Feasibility Study","progress":100,"progressByWorklog":false,"relevance":0,"type":"","typeId":"","description":"","code":"","level":2,"status":"STATUS_ACTIVE","depends":"","start":1532318400000,"duration":3,"min_duration":2,"max_duration":8,"distribution":"Normal","end":1532577599999,"startIsMilestone":false,"endIsMilestone":false,"collapsed":false,"canWrite":true,"canAdd":true,"canDelete":true,"canAddIssue":true,"assigs":[{"id":"tmp_1530801460574_1","resourceId":"tmp_1","roleId":"tmp_1","effort":36000000},{"id":"tmp_1530801460576_2","resourceId":"tmp_2","roleId":"tmp_3","effort":43200000},{"id":"tmp_1530813973507_1","resourceId":"tmp_1530810484600_1","roleId":"tmp_2","effort":3600000}],"hasChild":false},{"id":-4,"name":"Business Case Preparation","progress":25,"progressByWorklog":false,"relevance":0,"type":"","typeId":"","description":"","code":"","level":2,"status":"STATUS_WAITING","depends":"3","start":1532577600000,"duration":5,"min_duration":2,"max_duration":6,"distribution":"Normal","end":1533182399999,"startIsMilestone":false,"endIsMilestone":false,"collapsed":false,"canWrite":true,"canAdd":true,"canDelete":true,"canAddIssue":true,"assigs":[{"id":"tmp_1530813914441_1","resourceId":"tmp_1","roleId":"tmp_1","effort":3600000},{"id":"tmp_1530813914445_2","resourceId":"tmp_1530810484600_1","roleId":"tmp_2","effort":3600000}],"hasChild":false},{"id":-5,"name":"High Level Requirements","progress":50,"progressByWorklog":false,"relevance":0,"type":"","typeId":"","description":"","code":"","level":2,"status":"STATUS_WAITING","depends":"3","start":1532577600000,"duration":3,"min_duration":1,"max_duration":4,"distribution":"Normal","end":1533009599999,"startIsMilestone":false,"endIsMilestone":false,"collapsed":false,"canWrite":true,"canAdd":true,"canDelete":true,"canAddIssue":true,"assigs":[{"id":"tmp_1530813957527_1","resourceId":"tmp_1530810484600_1","roleId":"tmp_2","effort":3600000}],"hasChild":false},{"id":-6,"name":"Business Case Approval","progress":0,"progressByWorklog":false,"relevance":0,"type":"","typeId":"","description":"","code":"","level":2,"status":"STATUS_WAITING","depends":"4","start":1533182400000,"duration":2,"min_duration":1,"max_duration":3,"distribution":"Normal","end":1533355199999,"startIsMilestone":false,"endIsMilestone":false,"collapsed":false,"canWrite":true,"canAdd":true,"canDelete":true,"canAddIssue":true,"assigs":[{"id":"tmp_1530814015054_1","resourceId":"tmp_1530810484600_1","roleId":"tmp_2","effort":3600000},{"id":"tmp_1530814015057_2","resourceId":"tmp_2","roleId":"tmp_3","effort":3600000}],"hasChild":false},{"id":-7,"name":"ANALYSIS","progress":0,"progressByWorklog":false,"relevance":0,"type":"","typeId":"","description":"","code":"","level":1,"status":"STATUS_ACTIVE","depends":"","start":1533528000000,"duration":8,"min_duration":" - ","max_duration":" - ","distribution":" - ","end":1534391999999,"startIsMilestone":false,"endIsMilestone":false,"collapsed":false,"canWrite":true,"canAdd":true,"canDelete":true,"canAddIssue":true,"assigs":[],"distributions":"Normal","hasChild":true},{"id":-8,"name":"Requirement Gathering","progress":0,"progressByWorklog":false,"relevance":0,"type":"","typeId":"","description":"","code":"","level":2,"status":"STATUS_WAITING","depends":"6","start":1533528000000,"duration":4,"min_duration":2,"max_duration":6,"distribution":"Normal","end":1533873599999,"startIsMilestone":false,"endIsMilestone":false,"collapsed":false,"canWrite":true,"canAdd":true,"canDelete":true,"canAddIssue":true,"assigs":[{"id":"tmp_1530814293247_1","resourceId":"tmp_1530810484600_1","roleId":"tmp_2","effort":3600000},{"id":"tmp_1530814293248_2","resourceId":"tmp_1530810484600_2","roleId":"tmp_2","effort":0}],"distributions":"Normal","hasChild":false},{"id":-9,"name":"Requirements Review","progress":0,"progressByWorklog":false,"relevance":0,"type":"","typeId":"","description":"","code":"","level":2,"status":"STATUS_WAITING","depends":"8","start":1533873600000,"duration":2,"min_duration":1,"max_duration":3,"distribution":"Normal","end":1534219199999,"startIsMilestone":false,"endIsMilestone":false,"collapsed":false,"canWrite":true,"canAdd":true,"canDelete":true,"canAddIssue":true,"assigs":[{"id":"tmp_1530814340817_1","resourceId":"tmp_1","roleId":"tmp_1","effort":3600000},{"id":"tmp_1530814340820_2","resourceId":"tmp_2","roleId":"tmp_3","effort":3600000},{"id":"tmp_1530814340823_3","resourceId":"tmp_1530810484600_1","roleId":"tmp_2","effort":3600000},{"id":"tmp_1530814340825_4","resourceId":"tmp_1530810484600_2","roleId":"tmp_2","effort":3600000}],"distributions":"Normal","hasChild":false},{"id":-10,"name":"Requirements Sign-off","progress":0,"progressByWorklog":false,"relevance":0,"type":"","typeId":"","description":"","code":"","level":2,"status":"STATUS_WAITING","depends":"9","start":1534219200000,"duration":2,"min_duration":1,"max_duration":2,"distribution":"Normal","end":1534391999999,"startIsMilestone":false,"endIsMilestone":false,"collapsed":false,"canWrite":true,"canAdd":true,"canDelete":true,"canAddIssue":true,"assigs":[{"id":"tmp_1530814484585_1","resourceId":"tmp_2","roleId":"tmp_3","effort":3600000},{"id":"tmp_1530814711979_1","resourceId":"tmp_1","roleId":"tmp_1","effort":3600000}],"distributions":"Normal","hasChild":false},{"id":-11,"name":"DESIGN","progress":0,"progressByWorklog":false,"relevance":0,"type":"","typeId":"","description":"","code":"","level":1,"status":"STATUS_ACTIVE","depends":"","start":1534392000000,"duration":7,"min_duration":" - ","max_duration":" - ","distribution":" - ","end":1535169599999,"startIsMilestone":false,"endIsMilestone":false,"collapsed":false,"canWrite":true,"canAdd":true,"canDelete":true,"canAddIssue":true,"assigs":[],"hasChild":true},{"id":-12,"name":"High Level Design Document","progress":0,"progressByWorklog":false,"relevance":0,"type":"","typeId":"","description":"","code":"","level":2,"status":"STATUS_WAITING","depends":"10","start":1534392000000,"duration":2,"min_duration":2,"max_duration":5,"distribution":"Normal","end":1534564799999,"startIsMilestone":false,"endIsMilestone":false,"collapsed":false,"canWrite":true,"canAdd":true,"canDelete":true,"canAddIssue":true,"assigs":[{"id":"tmp_1530814469209_1","resourceId":"tmp_1530810484600_1","roleId":"tmp_2","effort":3600000}],"distributions":"Normal","hasChild":false},{"id":-13,"name":"Design Review","progress":0,"progressByWorklog":false,"relevance":0,"type":"","typeId":"","description":"","code":"","level":2,"status":"STATUS_WAITING","depends":"12","start":1534737600000,"duration":3,"min_duration":1,"max_duration":3,"distribution":"Normal","end":1534996799999,"startIsMilestone":false,"endIsMilestone":false,"collapsed":false,"canWrite":true,"canAdd":true,"canDelete":true,"canAddIssue":true,"assigs":[{"id":"tmp_1530814535431_1","resourceId":"tmp_1530810484604_6","roleId":"tmp_3","effort":3600000},{"id":"tmp_1530814535434_2","resourceId":"tmp_1530810484600_1","roleId":"tmp_2","effort":3600000},{"id":"tmp_1530814535435_3","resourceId":"tmp_1530810484600_2","roleId":"tmp_2","effort":3600000}],"distributions":"Normal","hasChild":false},{"id":-14,"name":"Architecture validation","progress":0,"progressByWorklog":false,"relevance":0,"type":"","typeId":"","description":"","code":"","level":2,"status":"STATUS_WAITING","depends":"13","start":1534996800000,"duration":2,"min_duration":1,"max_duration":3,"distribution":"Normal","end":1535169599999,"startIsMilestone":false,"endIsMilestone":false,"collapsed":false,"canWrite":true,"canAdd":true,"canDelete":true,"canAddIssue":true,"assigs":[{"id":"tmp_1530814557127_1","resourceId":"tmp_1530810484604_6","roleId":"tmp_3","effort":3600000},{"id":"tmp_1530814722920_1","resourceId":"tmp_1","roleId":"tmp_1","effort":3600000}],"distributions":"Normal","hasChild":false},{"id":-15,"name":"BUILD","progress":0,"progressByWorklog":false,"relevance":0,"type":"","typeId":"","description":"","code":"","level":1,"status":"STATUS_ACTIVE","depends":"","start":1535342400000,"duration":14,"min_duration":" - ","max_duration":" - ","distribution":" - ","end":1536897599999,"startIsMilestone":false,"endIsMilestone":false,"collapsed":false,"canWrite":true,"canAdd":true,"canDelete":true,"canAddIssue":true,"assigs":[],"hasChild":true},{"id":-16,"name":"Component 1","progress":0,"progressByWorklog":false,"relevance":0,"type":"","typeId":"","description":"","code":"","level":2,"status":"STATUS_ACTIVE","depends":"","start":1535342400000,"duration":10,"min_duration":" - ","max_duration":" - ","distribution":" - ","end":1536379199999,"startIsMilestone":false,"endIsMilestone":false,"collapsed":false,"canWrite":true,"canAdd":true,"canDelete":true,"canAddIssue":true,"assigs":[],"hasChild":true},{"id":-17,"name":"Component 1 Coding","progress":0,"progressByWorklog":false,"relevance":0,"type":"","typeId":"","description":"","code":"","level":3,"status":"STATUS_WAITING","depends":"14","start":1535342400000,"duration":7,"min_duration":4,"max_duration":8,"distribution":"Normal","end":1536119999999,"startIsMilestone":false,"endIsMilestone":false,"collapsed":false,"canWrite":true,"canAdd":true,"canDelete":true,"canAddIssue":true,"assigs":[{"id":"tmp_1530814580233_1","resourceId":"tmp_1530810484603_4","roleId":"tmp_2","effort":3600000}],"distributions":"Normal","hasChild":false},{"id":-18,"name":"Component 1 Unit Testing","progress":0,"progressByWorklog":false,"relevance":0,"type":"","typeId":"","description":"","code":"","level":3,"status":"STATUS_WAITING","depends":"17","start":1536120000000,"duration":3,"min_duration":1,"max_duration":3,"distribution":"Normal","end":1536379199999,"startIsMilestone":false,"endIsMilestone":false,"collapsed":false,"canWrite":true,"canAdd":true,"canDelete":true,"canAddIssue":true,"assigs":[{"id":"tmp_1530814608248_1","resourceId":"tmp_1530810484603_4","roleId":"tmp_2","effort":3600000},{"id":"tmp_1530814608250_2","resourceId":"tmp_3","roleId":"tmp_2","effort":3600000}],"distributions":"Normal","hasChild":false},{"id":-19,"name":"Component 2","progress":0,"progressByWorklog":false,"relevance":0,"type":"","typeId":"","description":"","code":"","level":2,"status":"STATUS_ACTIVE","depends":"","start":1535342400000,"duration":10,"min_duration":" - ","max_duration":" - ","distribution":" - ","end":1536379199999,"startIsMilestone":false,"endIsMilestone":false,"collapsed":false,"canWrite":true,"canAdd":true,"canDelete":true,"canAddIssue":true,"assigs":[],"hasChild":true},{"id":-20,"name":"Component 2 Coding","progress":0,"progressByWorklog":false,"relevance":0,"type":"","typeId":"","description":"","code":"","level":3,"status":"STATUS_WAITING","depends":"14","start":1535342400000,"duration":7,"min_duration":5,"max_duration":10,"distribution":"Normal","end":1536119999999,"startIsMilestone":false,"endIsMilestone":false,"collapsed":false,"canWrite":true,"canAdd":true,"canDelete":true,"canAddIssue":true,"assigs":[{"id":"tmp_1530814622573_1","resourceId":"tmp_3","roleId":"tmp_2","effort":3600000}],"distributions":"Normal","hasChild":false},{"id":-21,"name":"Component 2 Unit Testing","progress":0,"progressByWorklog":false,"relevance":0,"type":"","typeId":"","description":"","code":"","level":3,"status":"STATUS_WAITING","depends":"20","start":1536120000000,"duration":3,"min_duration":2,"max_duration":4,"distribution":"Normal","end":1536379199999,"startIsMilestone":false,"endIsMilestone":false,"collapsed":false,"canWrite":true,"canAdd":true,"canDelete":true,"canAddIssue":true,"assigs":[{"id":"tmp_1530814654107_1","resourceId":"tmp_3","roleId":"tmp_2","effort":3600000},{"id":"tmp_1530814654109_2","resourceId":"tmp_1530810484603_4","roleId":"tmp_2","effort":3600000}],"distributions":"Normal","hasChild":false},{"id":-22,"name":"Integration Testing","progress":0,"progressByWorklog":false,"relevance":0,"type":"","typeId":"","description":"","code":"","level":2,"status":"STATUS_WAITING","depends":"18,21","start":1536552000000,"duration":3,"min_duration":3,"max_duration":7,"distribution":"Normal","end":1536811199999,"startIsMilestone":false,"endIsMilestone":false,"collapsed":false,"canWrite":true,"canAdd":true,"canDelete":true,"canAddIssue":true,"assigs":[{"id":"tmp_1530814696308_1","resourceId":"tmp_1530810484603_4","roleId":"tmp_2","effort":3600000},{"id":"tmp_1530814696311_2","resourceId":"tmp_3","roleId":"tmp_2","effort":3600000},{"id":"tmp_1530814696313_3","resourceId":"tmp_1530810484604_6","roleId":"tmp_3","effort":3600000},{"id":"tmp_1530814696316_4","resourceId":"tmp_1","roleId":"tmp_1","effort":3600000}],"distributions":"Normal","hasChild":false},{"id":-23,"name":"Setup QA Environment","progress":0,"progressByWorklog":false,"relevance":0,"type":"","typeId":"","description":"","code":"","level":2,"status":"STATUS_WAITING","depends":"22","start":1536811200000,"duration":1,"min_duration":1,"max_duration":3,"distribution":"Normal","end":1536897599999,"startIsMilestone":false,"endIsMilestone":false,"collapsed":false,"canWrite":true,"canAdd":true,"canDelete":true,"canAddIssue":true,"assigs":[{"id":"tmp_1530814773794_1","resourceId":"tmp_1530810484601_3","roleId":"tmp_2","effort":3600000},{"id":"tmp_1530814773797_2","resourceId":"tmp_3","roleId":"tmp_2","effort":3600000},{"id":"tmp_1530814773799_3","resourceId":"tmp_1530810484603_4","roleId":"tmp_2","effort":3600000}],"distributions":"Normal","hasChild":false},{"id":-24,"name":"TESTING/QA","progress":0,"progressByWorklog":false,"relevance":0,"type":"","typeId":"","description":"","code":"","level":1,"status":"STATUS_ACTIVE","depends":"","start":1536897600000,"duration":20,"min_duration":" - ","max_duration":" - ","distribution":" - ","end":1539316799999,"startIsMilestone":false,"endIsMilestone":false,"collapsed":false,"canWrite":true,"canAdd":true,"canDelete":true,"canAddIssue":true,"assigs":[],"hasChild":true},{"id":-25,"name":"Test Planning","progress":0,"progressByWorklog":false,"relevance":0,"type":"","typeId":"","description":"","code":"","level":2,"status":"STATUS_ACTIVE","depends":"","start":1536897600000,"duration":7,"min_duration":" - ","max_duration":" - ","distribution":" - ","end":1537847999999,"startIsMilestone":false,"endIsMilestone":false,"collapsed":false,"canWrite":true,"canAdd":true,"canDelete":true,"canAddIssue":true,"assigs":[],"hasChild":true},{"id":-26,"name":"Draft Test Case Library","progress":0,"progressByWorklog":false,"relevance":0,"type":"","typeId":"","description":"","code":"","level":3,"status":"STATUS_WAITING","depends":"23","start":1536897600000,"duration":5,"min_duration":3,"max_duration":8,"distribution":"Normal","end":1537502399999,"startIsMilestone":false,"endIsMilestone":false,"collapsed":false,"canWrite":true,"canAdd":true,"canDelete":true,"canAddIssue":true,"assigs":[{"id":"tmp_1530814879680_1","resourceId":"tmp_1530810484603_5","roleId":"tmp_2","effort":3600000},{"id":"tmp_1530814879695_2","resourceId":"tmp_1530810484600_2","roleId":"tmp_2","effort":3600000},{"id":"tmp_1530815035698_1","resourceId":"tmp_1530810484600_1","roleId":"tmp_2","effort":3600000}],"distributions":"Normal","hasChild":false},{"id":-27,"name":"Review Test Case Library","progress":0,"progressByWorklog":false,"relevance":0,"type":"","typeId":"","description":"","code":"","level":3,"status":"STATUS_WAITING","depends":"26","start":1537502400000,"duration":1,"min_duration":1,"max_duration":4,"distribution":"Normal","end":1537588799999,"startIsMilestone":false,"endIsMilestone":false,"collapsed":false,"canWrite":true,"canAdd":true,"canDelete":true,"canAddIssue":true,"assigs":[{"id":"tmp_1530814908943_1","resourceId":"tmp_1530810484600_2","roleId":"tmp_2","effort":3600000},{"id":"tmp_1530814908945_2","resourceId":"tmp_1","roleId":"tmp_1","effort":3600000},{"id":"tmp_1530814908959_3","resourceId":"tmp_2","roleId":"tmp_3","effort":3600000}],"distributions":"Normal","hasChild":false},{"id":-28,"name":"Sign-off Test Case Library","progress":0,"progressByWorklog":false,"relevance":0,"type":"","typeId":"","description":"","code":"","level":3,"status":"STATUS_WAITING","depends":"27","start":1537761600000,"duration":1,"min_duration":1,"max_duration":1,"distribution":"Normal","end":1537847999999,"startIsMilestone":false,"endIsMilestone":false,"collapsed":false,"canWrite":true,"canAdd":true,"canDelete":true,"canAddIssue":true,"assigs":[{"id":"tmp_1530814846888_1","resourceId":"tmp_1","roleId":"tmp_1","effort":3600000},{"id":"tmp_1530814846890_2","resourceId":"tmp_2","roleId":"tmp_3","effort":3600000},{"id":"tmp_1530814846893_3","resourceId":"tmp_1530810484600_2","roleId":"tmp_2","effort":3600000},{"id":"tmp_1530814846895_4","resourceId":"tmp_1530810484603_5","roleId":"tmp_2","effort":3600000}],"distributions":"Normal","hasChild":false},{"id":-29,"name":"Test Execution","progress":0,"progressByWorklog":false,"relevance":0,"type":"","typeId":"","description":"","code":"","level":2,"status":"STATUS_ACTIVE","depends":"","start":1537848000000,"duration":13,"min_duration":" - ","max_duration":" - ","distribution":" - ","end":1539316799999,"startIsMilestone":false,"endIsMilestone":false,"collapsed":false,"canWrite":true,"canAdd":true,"canDelete":true,"canAddIssue":true,"assigs":[],"hasChild":true},{"id":-30,"name":"Cycle 1 - UAT","progress":0,"progressByWorklog":false,"relevance":0,"type":"","typeId":"","description":"","code":"","level":3,"status":"STATUS_WAITING","depends":"23,28","start":1537848000000,"duration":6,"min_duration":3,"max_duration":6,"distribution":"Normal","end":1538539199999,"startIsMilestone":false,"endIsMilestone":false,"collapsed":false,"canWrite":true,"canAdd":true,"canDelete":true,"canAddIssue":true,"assigs":[{"id":"tmp_1530814972992_1","resourceId":"tmp_1530810484600_2","roleId":"tmp_2","effort":3600000},{"id":"tmp_1530814972996_2","resourceId":"tmp_1530810484603_5","roleId":"tmp_2","effort":3600000}],"distributions":"Normal","hasChild":false},{"id":-31,"name":"Bug Fixing","progress":0,"progressByWorklog":false,"relevance":0,"type":"","typeId":"","description":"","code":"","level":3,"status":"STATUS_WAITING","depends":"30","start":1538539200000,"duration":3,"min_duration":1,"max_duration":4,"distribution":"Normal","end":1538798399999,"startIsMilestone":false,"endIsMilestone":false,"collapsed":false,"canWrite":true,"canAdd":true,"canDelete":true,"canAddIssue":true,"assigs":[{"id":"tmp_1530815018386_1","resourceId":"tmp_1530810484604_6","roleId":"tmp_3","effort":3600000},{"id":"tmp_1530815018389_2","resourceId":"tmp_1530810484603_4","roleId":"tmp_2","effort":3600000},{"id":"tmp_1530815018392_3","resourceId":"tmp_3","roleId":"tmp_2","effort":3600000}],"distributions":"Normal","hasChild":false},{"id":-32,"name":"Cycle 2 - UAT","progress":0,"progressByWorklog":false,"relevance":0,"type":"","typeId":"","description":"","code":"","level":3,"status":"STATUS_WAITING","depends":"31","start":1538971200000,"duration":3,"min_duration":2,"max_duration":4,"distribution":"Normal","end":1539230399999,"startIsMilestone":false,"endIsMilestone":false,"collapsed":false,"canWrite":true,"canAdd":true,"canDelete":true,"canAddIssue":true,"assigs":[{"id":"tmp_1530815061875_1","resourceId":"tmp_1530810484603_5","roleId":"tmp_2","effort":3600000},{"id":"tmp_1530815061876_2","resourceId":"tmp_1530810484600_2","roleId":"tmp_2","effort":3600000}],"distributions":"Normal","hasChild":false},{"id":-33,"name":"Solution cleared for Deploy","progress":0,"progressByWorklog":false,"relevance":0,"type":"","typeId":"","description":"","code":"","level":3,"status":"STATUS_WAITING","depends":"32","start":1539230400000,"duration":1,"min_duration":1,"max_duration":1,"distribution":"Normal","end":1539316799999,"startIsMilestone":false,"endIsMilestone":false,"collapsed":false,"canWrite":true,"canAdd":true,"canDelete":true,"canAddIssue":true,"assigs":[{"id":"tmp_1530815079571_1","resourceId":"tmp_1","roleId":"tmp_1","effort":3600000}],"distributions":"Normal","hasChild":false},{"id":-34,"name":"DEPLOYMENT","progress":0,"progressByWorklog":false,"relevance":0,"type":"","typeId":"","description":"","code":"","level":1,"status":"STATUS_ACTIVE","depends":"","start":1532318400000,"duration":73,"min_duration":" - ","max_duration":" - ","distribution":" - ","end":1541044799999,"startIsMilestone":false,"endIsMilestone":false,"collapsed":false,"canWrite":true,"canAdd":true,"canDelete":true,"canAddIssue":true,"assigs":[],"hasChild":true},{"id":-35,"name":"Schedule Release","progress":0,"progressByWorklog":false,"relevance":0,"type":"","typeId":"","description":"","code":"","level":2,"status":"STATUS_WAITING","depends":"33","start":1539316800000,"duration":1,"min_duration":1,"max_duration":1,"distribution":"Normal","end":1539403199999,"startIsMilestone":false,"endIsMilestone":false,"collapsed":false,"canWrite":true,"canAdd":true,"canDelete":true,"canAddIssue":true,"assigs":[{"id":"tmp_1530815090566_1","resourceId":"tmp_1","roleId":"tmp_1","effort":3600000}],"distributions":"Normal","hasChild":false},{"id":-36,"name":"Training","progress":0,"progressByWorklog":false,"relevance":0,"type":"","typeId":"","description":"","code":"","level":2,"status":"STATUS_ACTIVE","depends":"","start":1539316800000,"duration":6,"min_duration":" - ","max_duration":" - ","distribution":" - ","end":1540007999999,"startIsMilestone":false,"endIsMilestone":false,"collapsed":false,"canWrite":true,"canAdd":true,"canDelete":true,"canAddIssue":true,"assigs":[],"hasChild":true},{"id":-37,"name":"User Training","progress":0,"progressByWorklog":false,"relevance":0,"type":"","typeId":"","description":"","code":"","level":3,"status":"STATUS_WAITING","depends":"33","start":1539316800000,"duration":6,"min_duration":2,"max_duration":7,"distribution":"Normal","end":1540007999999,"startIsMilestone":false,"endIsMilestone":false,"collapsed":false,"canWrite":true,"canAdd":true,"canDelete":true,"canAddIssue":true,"assigs":[{"id":"tmp_1530815152263_1","resourceId":"tmp_1","roleId":"tmp_1","effort":3600000},{"id":"tmp_1530815152264_2","resourceId":"tmp_1530810484600_1","roleId":"tmp_2","effort":3600000},{"id":"tmp_1530815152275_3","resourceId":"tmp_1530810484600_2","roleId":"tmp_2","effort":3600000},{"id":"tmp_1530815152277_4","resourceId":"tmp_1530810484603_5","roleId":"tmp_2","effort":3600000},{"id":"tmp_1530815177716_1","resourceId":"tmp_2","roleId":"tmp_3","effort":3600000}],"distributions":"Normal","hasChild":false},{"id":-38,"name":"ITSM Knowledge transfer","progress":0,"progressByWorklog":false,"relevance":0,"type":"","typeId":"","description":"","code":"","level":3,"status":"STATUS_WAITING","depends":"33","start":1539316800000,"duration":4,"min_duration":2,"max_duration":4,"distribution":"Normal","end":1539835199999,"startIsMilestone":false,"endIsMilestone":false,"collapsed":false,"canWrite":true,"canAdd":true,"canDelete":true,"canAddIssue":true,"assigs":[{"id":"tmp_1530815192725_1","resourceId":"tmp_1","roleId":"tmp_1","effort":3600000}],"distributions":"Normal","hasChild":false},{"id":-39,"name":"Notify Change Control","progress":0,"progressByWorklog":false,"relevance":0,"type":"","typeId":"","description":"","code":"","level":2,"status":"STATUS_WAITING","depends":"35","start":1539576000000,"duration":2,"min_duration":1,"max_duration":2,"distribution":"Normal","end":1539748799999,"startIsMilestone":false,"endIsMilestone":false,"collapsed":false,"canWrite":true,"canAdd":true,"canDelete":true,"canAddIssue":true,"assigs":[{"id":"tmp_1530815203067_1","resourceId":"tmp_1","roleId":"tmp_1","effort":3600000}],"distributions":"Normal","hasChild":false},{"id":-40,"name":"Deployment Execution","progress":0,"progressByWorklog":false,"relevance":0,"type":"","typeId":"","description":"","code":"","level":2,"status":"STATUS_ACTIVE","depends":"","start":1540180800000,"duration":8,"min_duration":" - ","max_duration":" - ","distribution":" - ","end":1541044799999,"startIsMilestone":false,"endIsMilestone":false,"collapsed":false,"canWrite":true,"canAdd":true,"canDelete":true,"canAddIssue":true,"assigs":[],"hasChild":true},{"id":-41,"name":"Setup Production Environments","progress":0,"progressByWorklog":false,"relevance":0,"type":"","typeId":"","description":"","code":"","level":3,"status":"STATUS_WAITING","depends":"37","start":1540180800000,"duration":2,"min_duration":1,"max_duration":3,"distribution":"Normal","end":1540353599999,"startIsMilestone":false,"endIsMilestone":false,"collapsed":false,"canWrite":true,"canAdd":true,"canDelete":true,"canAddIssue":true,"assigs":[{"id":"tmp_1530815226343_1","resourceId":"tmp_1530810484601_3","roleId":"tmp_2","effort":3600000}],"distributions":"Beta","hasChild":false},{"id":-42,"name":"Execute Data Migration","progress":0,"progressByWorklog":false,"relevance":0,"type":"","typeId":"","description":"","code":"","level":3,"status":"STATUS_WAITING","depends":"41","start":1540353600000,"duration":1,"min_duration":1,"max_duration":2,"distribution":"Normal","end":1540439999999,"startIsMilestone":false,"endIsMilestone":false,"collapsed":false,"canWrite":true,"canAdd":true,"canDelete":true,"canAddIssue":true,"assigs":[{"id":"tmp_1530815249707_1","resourceId":"tmp_1530810484603_4","roleId":"tmp_2","effort":3600000}],"distributions":"Normal","hasChild":false},{"id":-43,"name":"Deploy new solution","progress":0,"progressByWorklog":false,"relevance":0,"type":"","typeId":"","description":"","code":"","level":3,"status":"STATUS_WAITING","depends":"42","start":1540440000000,"duration":1,"min_duration":1,"max_duration":2,"distribution":"Normal","end":1540526399999,"startIsMilestone":false,"endIsMilestone":false,"collapsed":false,"canWrite":true,"canAdd":true,"canDelete":true,"canAddIssue":true,"assigs":[{"id":"tmp_1530815299969_1","resourceId":"tmp_3","roleId":"tmp_2","effort":3600000}],"distributions":"Normal","hasChild":false},{"id":-44,"name":"Conduct verification tests","progress":0,"progressByWorklog":false,"relevance":0,"type":"","typeId":"","description":"","code":"","level":3,"status":"STATUS_WAITING","depends":"43","start":1540526400000,"duration":2,"min_duration":1,"max_duration":2,"distribution":"Normal","end":1540871999999,"startIsMilestone":false,"endIsMilestone":false,"collapsed":false,"canWrite":true,"canAdd":true,"canDelete":true,"canAddIssue":true,"assigs":[{"id":"tmp_1530815365873_1","resourceId":"tmp_1","roleId":"tmp_1","effort":3600000},{"id":"tmp_1530815365876_2","resourceId":"tmp_1530810484603_5","roleId":"tmp_2","effort":3600000},{"id":"tmp_1530815365879_3","resourceId":"tmp_1530810484600_2","roleId":"tmp_2","effort":3600000},{"id":"tmp_1530815365881_4","resourceId":"tmp_1530810484600_1","roleId":"tmp_2","effort":3600000}],"distributions":"Normal","hasChild":false},{"id":-45,"name":"Confirm Successful deployment","progress":0,"progressByWorklog":false,"relevance":0,"type":"","typeId":"","description":"","code":"","level":3,"status":"STATUS_WAITING","depends":"44","start":1540872000000,"duration":1,"min_duration":1,"max_duration":2,"distribution":"Normal","end":1540958399999,"startIsMilestone":false,"endIsMilestone":false,"collapsed":false,"canWrite":true,"canAdd":true,"canDelete":true,"canAddIssue":true,"assigs":[{"id":"tmp_1530815494387_1","resourceId":"tmp_1","roleId":"tmp_1","effort":3600000},{"id":"tmp_1530815494391_2","resourceId":"tmp_1530810484600_2","roleId":"tmp_2","effort":3600000}],"distributions":"Normal","hasChild":false},{"id":-46,"name":"Execute Rollback","progress":0,"progressByWorklog":false,"relevance":0,"type":"","typeId":"","description":"","code":"","level":3,"status":"STATUS_WAITING","depends":"44","start":1540872000000,"duration":1,"min_duration":1,"max_duration":2,"distribution":"Normal","end":1540958399999,"startIsMilestone":false,"endIsMilestone":false,"collapsed":false,"canWrite":true,"canAdd":true,"canDelete":true,"canAddIssue":true,"assigs":[{"id":"tmp_1530815544682_1","resourceId":"tmp_3","roleId":"tmp_2","effort":3600000},{"id":"tmp_1530815544684_2","resourceId":"tmp_1530810484601_3","roleId":"tmp_2","effort":3600000},{"id":"tmp_1530815544687_3","resourceId":"tmp_1530810484603_4","roleId":"tmp_2","effort":3600000}],"distributions":"Normal","hasChild":false},{"id":-47,"name":"Perform root-cause analysis","progress":0,"progressByWorklog":false,"relevance":0,"type":"","typeId":"","description":"","code":"","level":3,"status":"STATUS_WAITING","depends":"46","start":1540958400000,"duration":1,"min_duration":1,"max_duration":1,"distribution":"Normal","end":1541044799999,"startIsMilestone":false,"endIsMilestone":false,"collapsed":false,"canWrite":true,"canAdd":true,"canDelete":true,"canAddIssue":true,"assigs":[{"id":"tmp_1530815633409_1","resourceId":"tmp_1","roleId":"tmp_1","effort":3600000},{"id":"tmp_1530815633416_2","resourceId":"tmp_3","roleId":"tmp_2","effort":3600000},{"id":"tmp_1530815633419_3","resourceId":"tmp_1530810484603_4","roleId":"tmp_2","effort":3600000},{"id":"tmp_1530815633421_4","resourceId":"tmp_1530810484601_3","roleId":"tmp_2","effort":3600000},{"id":"tmp_1530815633427_5","resourceId":"tmp_1530810484604_6","roleId":"tmp_3","effort":3600000},{"id":"tmp_1530815633429_6","resourceId":"tmp_1530810484603_5","roleId":"tmp_2","effort":3600000}],"distributions":"Normal","hasChild":false},{"id":-48,"name":"Communicate Results","progress":0,"progressByWorklog":false,"relevance":0,"type":"","typeId":"","description":"","code":"","level":2,"status":"STATUS_ACTIVE","depends":"","start":1532318400000,"duration":1,"min_duration":1,"max_duration":1,"distribution":"Normal","end":1532404799999,"startIsMilestone":false,"endIsMilestone":false,"collapsed":false,"canWrite":true,"canAdd":true,"canDelete":true,"canAddIssue":true,"assigs":[{"id":"tmp_1530815633409_1","resourceId":"tmp_1","roleId":"tmp_1","effort":3600000}],"distributions":"Normal","hasChild":false},{"id":-49,"name":"MAINTENANCE","progress":0,"progressByWorklog":false,"relevance":0,"type":"","typeId":"","description":"","code":"","level":1,"status":"STATUS_ACTIVE","depends":"","start":1540958400000,"duration":34,"min_duration":" - ","max_duration":" - ","distribution":" - ","end":1545109199999,"startIsMilestone":false,"endIsMilestone":false,"collapsed":false,"canWrite":true,"canAdd":true,"canDelete":true,"canAddIssue":true,"assigs":[],"hasChild":true},{"id":-50,"name":"Monitor tickets","progress":0,"progressByWorklog":false,"relevance":0,"type":"","typeId":"","description":"","code":"","level":2,"status":"STATUS_WAITING","depends":"45","start":1540958400000,"duration":14,"min_duration":5,"max_duration":15,"distribution":"Normal","end":1542689999999,"startIsMilestone":false,"endIsMilestone":false,"collapsed":false,"canWrite":true,"canAdd":true,"canDelete":true,"canAddIssue":true,"assigs":[{"id":"tmp_1530815643800_1","resourceId":"tmp_1","roleId":"tmp_1","effort":3600000}],"distributions":"Normal","hasChild":false},{"id":-51,"name":"Correct bugs","progress":0,"progressByWorklog":false,"relevance":0,"type":"","typeId":"","description":"","code":"","level":2,"status":"STATUS_WAITING","depends":"50","start":1542690000000,"duration":4,"min_duration":4,"max_duration":16,"distribution":"Normal","end":1543035599999,"startIsMilestone":false,"endIsMilestone":false,"collapsed":false,"canWrite":true,"canAdd":true,"canDelete":true,"canAddIssue":true,"assigs":[{"id":"tmp_1530815670950_1","resourceId":"tmp_1530810484603_4","roleId":"tmp_2","effort":3600000},{"id":"tmp_1530815670952_2","resourceId":"tmp_3","roleId":"tmp_2","effort":3600000},{"id":"tmp_1530815747770_1","resourceId":"tmp_1530810484604_6","roleId":"tmp_3","effort":3600000}],"distributions":"Normal","hasChild":false},{"id":-52,"name":"Deploy corrections","progress":0,"progressByWorklog":false,"relevance":0,"type":"","typeId":"","description":"","code":"","level":2,"status":"STATUS_WAITING","depends":"51","start":1543208400000,"duration":7,"min_duration":2,"max_duration":8,"distribution":"Normal","end":1543985999999,"startIsMilestone":false,"endIsMilestone":false,"collapsed":false,"canWrite":true,"canAdd":true,"canDelete":true,"canAddIssue":true,"assigs":[{"id":"tmp_1530815729489_1","resourceId":"tmp_1530810484601_3","roleId":"tmp_2","effort":3600000},{"id":"tmp_1530815729493_2","resourceId":"tmp_3","roleId":"tmp_2","effort":3600000},{"id":"tmp_1530815729495_3","resourceId":"tmp_1530810484603_4","roleId":"tmp_2","effort":3600000},{"id":"tmp_1530815729497_4","resourceId":"tmp_1530810484600_2","roleId":"tmp_2","effort":3600000},{"id":"tmp_1530815729499_5","resourceId":"tmp_1530810484603_5","roleId":"tmp_2","effort":3600000}],"distributions":"Normal","hasChild":false},{"id":-53,"name":"T2R - Transition to ITSM team","progress":0,"progressByWorklog":false,"relevance":0,"type":"","typeId":"","description":"","code":"","level":2,"status":"STATUS_WAITING","depends":"52","start":1543986000000,"duration":9,"min_duration":2,"max_duration":10,"distribution":"Normal","end":1545109199999,"startIsMilestone":false,"endIsMilestone":false,"collapsed":false,"canWrite":true,"canAdd":true,"canDelete":true,"canAddIssue":true,"assigs":[{"id":"tmp_1530815760706_1","resourceId":"tmp_1","roleId":"tmp_1","effort":3600000}],"distributions":"Normal","hasChild":false}],"selectedRow":1,"deletedTaskIds":[],"resources":[{"id":"tmp_1","name":"John Smith"},{"id":"tmp_2","name":"David Young"},{"id":"tmp_3","name":"Wilson Miller"},{"id":"tmp_1530810484600_1","name":"Mark Rodgers"},{"id":"tmp_1530810484600_2","name":"Mia Adams"},{"id":"tmp_1530810484601_3","name":"Elizabeth Moore"},{"id":"tmp_1530810484603_4","name":"Mary Parker"},{"id":"tmp_1530810484603_5","name":"Nora King"},{"id":"tmp_1530810484604_6","name":"Justine Garcia"}],"roles":[{"id":"tmp_1","name":"Project Manager"},{"id":"tmp_2","name":"Worker"},{"id":"tmp_3","name":"Stakeholder"}],"canWrite":true,"canWriteOnParent":true,"zoom":"1Q","probability":0.920424803293797}