{
    "id": 1,
    "name": "SAMPLE PROJECT PLAN",
    "depth": 0,
    "hasChild": true,
    "progress": 0,
    "children": [{
        "id": 2,
        "name": "FEASIBILITY",
        "depth": 1,
        "hasChild": true,
        "progress": 0,
        "parent": 1,
        "children": [{
            "id": 3,
            "name": "Feasibility Study",
            "depth": 2,
            "hasChild": false,
            "progress": 100,
            "parent": 2
        }, {
            "id": 4,
            "name": "Business Case Preparation",
            "depth": 2,
            "hasChild": false,
            "progress": 25,
            "parent": 2
        }, {
            "id": 5,
            "name": "High Level Requirements",
            "depth": 2,
            "hasChild": false,
            "progress": 50,
            "parent": 2
        }, {
            "id": 6,
            "name": "Business Case Approval",
            "depth": 2,
            "hasChild": false,
            "progress": 0,
            "parent": 2
        }]
    }, {
        "id": 7,
        "name": "ANALYSIS",
        "depth": 1,
        "hasChild": true,
        "progress": 0,
        "parent": 1,
        "children": [{
            "id": 8,
            "name": "Requirement Gathering",
            "depth": 2,
            "hasChild": false,
            "progress": 0,
            "parent": 7
        }, {
            "id": 9,
            "name": "Requirements Review",
            "depth": 2,
            "hasChild": false,
            "progress": 0,
            "parent": 7
        }, {
            "id": 10,
            "name": "Requirements Sign-off",
            "depth": 2,
            "hasChild": false,
            "progress": 0,
            "parent": 7
        }]
    }, {
        "id": 11,
        "name": "DESIGN",
        "depth": 1,
        "hasChild": true,
        "progress": 0,
        "parent": 1,
        "children": [{
            "id": 12,
            "name": "High Level Design Document",
            "depth": 2,
            "hasChild": false,
            "progress": 0,
            "parent": 11
        }, {
            "id": 13,
            "name": "Design Review",
            "depth": 2,
            "hasChild": false,
            "progress": 0,
            "parent": 11
        }, {
            "id": 14,
            "name": "Architecture validation",
            "depth": 2,
            "hasChild": false,
            "progress": 0,
            "parent": 11
        }]
    }, {
        "id": 15,
        "name": "BUILD",
        "depth": 1,
        "hasChild": true,
        "progress": 0,
        "parent": 1,
        "children": [{
            "id": 16,
            "name": "Component 1",
            "depth": 2,
            "hasChild": true,
            "progress": 0,
            "parent": 15,
            "children": [{
                "id": 17,
                "name": "Component 1 Coding",
                "depth": 3,
                "hasChild": false,
                "progress": 0,
                "parent": 16
            }, {
                "id": 18,
                "name": "Component 1 Unit Testing",
                "depth": 3,
                "hasChild": false,
                "progress": 0,
                "parent": 16
            }]
        }, {
            "id": 19,
            "name": "Component 2",
            "depth": 2,
            "hasChild": true,
            "progress": 0,
            "parent": 15,
            "children": [{
                "id": 20,
                "name": "Component 2 Coding",
                "depth": 3,
                "hasChild": false,
                "progress": 0,
                "parent": 19
            }, {
                "id": 21,
                "name": "Component 2 Unit Testing",
                "depth": 3,
                "hasChild": false,
                "progress": 0,
                "parent": 19
            }]
        }, {
            "id": 22,
            "name": "Integration Testing",
            "depth": 2,
            "hasChild": false,
            "progress": 0,
            "parent": 15
        }, {
            "id": 23,
            "name": "Setup QA Environment",
            "depth": 2,
            "hasChild": false,
            "progress": 0,
            "parent": 15
        }]
    }, {
        "id": 24,
        "name": "TESTING/QA",
        "depth": 1,
        "hasChild": true,
        "progress": 0,
        "parent": 1,
        "children": [{
            "id": 25,
            "name": "Test Planning",
            "depth": 2,
            "hasChild": true,
            "progress": 0,
            "parent": 24,
            "children": [{
                "id": 26,
                "name": "Draft Test Case Library",
                "depth": 3,
                "hasChild": false,
                "progress": 0,
                "parent": 25
            }, {
                "id": 27,
                "name": "Review Test Case Library",
                "depth": 3,
                "hasChild": false,
                "progress": 0,
                "parent": 25
            }, {
                "id": 28,
                "name": "Sign-off Test Case Library",
                "depth": 3,
                "hasChild": false,
                "progress": 0,
                "parent": 25
            }]
        }, {
            "id": 29,
            "name": "Test Execution",
            "depth": 2,
            "hasChild": true,
            "progress": 0,
            "parent": 24,
            "children": [{
                "id": 30,
                "name": "Cycle 1 - UAT",
                "depth": 3,
                "hasChild": false,
                "progress": 0,
                "parent": 29
            }, {
                "id": 31,
                "name": "Bug Fixing",
                "depth": 3,
                "hasChild": false,
                "progress": 0,
                "parent": 29
            }, {
                "id": 32,
                "name": "Cycle 2 - UAT",
                "depth": 3,
                "hasChild": false,
                "progress": 0,
                "parent": 29
            }, {
                "id": 33,
                "name": "Solution cleared for Deploy",
                "depth": 3,
                "hasChild": false,
                "progress": 0,
                "parent": 29
            }]
        }]
    }, {
        "id": 34,
        "name": "DEPLOYMENT",
        "depth": 1,
        "hasChild": true,
        "progress": 0,
        "parent": 1,
        "children": [{
            "id": 35,
            "name": "Schedule Release",
            "depth": 2,
            "hasChild": false,
            "progress": 0,
            "parent": 34
        }, {
            "id": 36,
            "name": "Training",
            "depth": 2,
            "hasChild": true,
            "progress": 0,
            "parent": 34,
            "children": [{
                "id": 37,
                "name": "User Training",
                "depth": 3,
                "hasChild": false,
                "progress": 0,
                "parent": 36
            }, {
                "id": 38,
                "name": "ITSM Knowledge transfer",
                "depth": 3,
                "hasChild": false,
                "progress": 0,
                "parent": 36
            }]
        }, {
            "id": 39,
            "name": "Notify Change Control",
            "depth": 2,
            "hasChild": false,
            "progress": 0,
            "parent": 34
        }, {
            "id": 40,
            "name": "Deployment Execution",
            "depth": 2,
            "hasChild": true,
            "progress": 0,
            "parent": 34,
            "children": [{
                "id": 41,
                "name": "Setup Production Environments",
                "depth": 3,
                "hasChild": false,
                "progress": 0,
                "parent": 40
            }, {
                "id": 42,
                "name": "Execute Data Migration",
                "depth": 3,
                "hasChild": false,
                "progress": 0,
                "parent": 40
            }, {
                "id": 43,
                "name": "Deploy new solution",
                "depth": 3,
                "hasChild": false,
                "progress": 0,
                "parent": 40
            }, {
                "id": 44,
                "name": "Conduct verification tests",
                "depth": 3,
                "hasChild": false,
                "progress": 0,
                "parent": 40
            }, {
                "id": 45,
                "name": "Confirm Successful deployment",
                "depth": 3,
                "hasChild": false,
                "progress": 0,
                "parent": 40
            }, {
                "id": 46,
                "name": "Execute Rollback",
                "depth": 3,
                "hasChild": false,
                "progress": 0,
                "parent": 40
            }, {
                "id": 47,
                "name": "Perform root-cause analysis",
                "depth": 3,
                "hasChild": false,
                "progress": 0,
                "parent": 40
            }]
        }, {
            "id": 48,
            "name": "Communicate Results",
            "depth": 2,
            "hasChild": false,
            "progress": 0,
            "parent": 34
        }]
    }, {
        "id": 49,
        "name": "MAINTENANCE",
        "depth": 1,
        "hasChild": true,
        "progress": 0,
        "parent": 1,
        "children": [{
            "id": 50,
            "name": "Monitor tickets",
            "depth": 2,
            "hasChild": false,
            "progress": 0,
            "parent": 49
        }, {
            "id": 51,
            "name": "Correct bugs",
            "depth": 2,
            "hasChild": false,
            "progress": 0,
            "parent": 49
        }, {
            "id": 52,
            "name": "Deploy corrections",
            "depth": 2,
            "hasChild": false,
            "progress": 0,
            "parent": 49
        }, {
            "id": 53,
            "name": "T2R - Transition to ITSM team",
            "depth": 2,
            "hasChild": false,
            "progress": 0,
            "parent": 49
        }]
    }]
}