{
    "tasks": [{
        "id": -1,
        "name": "SAMPLE PROJECT PLAN",
        "progress": 0,
        "progressByWorklog": false,
        "description": "",
        "code": "",
        "level": 0,
        "status": "STATUS_ACTIVE",
        "depends": "",
        "start": 1530849600000,
        "duration": 16,
        "min_duration": 10,
        "max_duration": 40,
        "distribution": "Normal",
        "end": 1532750399999,
        "startIsMilestone": false,
        "endIsMilestone": false,
        "collapsed": false,
        "canWrite": true,
        "canAdd": true,
        "canDelete": true,
        "canAddIssue": true,
        "assigs": [],
        "hasChild": true
    }, {
        "id": -2,
        "name": "FEASIBILITY",
        "progress": 0,
        "progressByWorklog": false,
        "description": "",
        "code": "",
        "level": 1,
        "status": "STATUS_ACTIVE",
        "depends": "",
        "start": 1530849600000,
        "duration": 10,
        "min_duration": 0,
        "max_duration": 35,
        "distribution": "Normal",
        "end": 1532059199999,
        "startIsMilestone": false,
        "endIsMilestone": false,
        "collapsed": false,
        "canWrite": true,
        "canAdd": true,
        "canDelete": true,
        "canAddIssue": true,
        "assigs": [],
        "hasChild": false
    }, {
        "id": -3,
        "name": "Feasibility Study",
        "progress": 100,
        "progressByWorklog": false,
        "description": "",
        "code": "",
        "level": 2,
        "status": "STATUS_ACTIVE",
        "depends": "",
        "start": 1530849600000,
        "duration": 5,
        "min_duration": "2",
        "max_duration": "8",
        "distribution": "Normal",
        "end": 1531454399999,
        "startIsMilestone": false,
        "endIsMilestone": false,
        "collapsed": false,
        "canWrite": true,
        "canAdd": true,
        "canDelete": true,
        "canAddIssue": true,
        "assigs": [{
            "id": "tmp_1530801460574_1",
            "resourceId": "tmp_1",
            "roleId": "tmp_1",
            "effort": 36000000
        }, {
            "id": "tmp_1530801460576_2",
            "resourceId": "tmp_2",
            "roleId": "tmp_3",
            "effort": 43200000
        }, {
            "id": "tmp_1530813973507_1",
            "resourceId": "tmp_1530810484600_1",
            "roleId": "tmp_2",
            "effort": 3600000
        }],
        "hasChild": false
    }, {
        "id": -4,
        "name": "Business Case Preparation",
        "progress": 25,
        "progressByWorklog": false,
        "description": "",
        "code": "",
        "level": 2,
        "status": "STATUS_WAITING",
        "depends": "3",
        "start": 1531454400000,
        "duration": 4,
        "min_duration": "2",
        "max_duration": "6",
        "distribution": "Normal",
        "end": 1531972799999,
        "startIsMilestone": false,
        "endIsMilestone": false,
        "collapsed": false,
        "canWrite": true,
        "canAdd": true,
        "canDelete": true,
        "canAddIssue": true,
        "assigs": [{
            "id": "tmp_1530813914441_1",
            "resourceId": "tmp_1",
            "roleId": "tmp_1",
            "effort": 3600000
        }, {
            "id": "tmp_1530813914445_2",
            "resourceId": "tmp_1530810484600_1",
            "roleId": "tmp_2",
            "effort": 3600000
        }],
        "hasChild": false
    }, {
        "id": -5,
        "name": "High Level Requirements",
        "progress": 50,
        "progressByWorklog": false,
        "description": "",
        "code": "",
        "level": 2,
        "status": "STATUS_WAITING",
        "depends": "3",
        "start": 1531454400000,
        "duration": 2,
        "min_duration": "1",
        "max_duration": "4",
        "distribution": "Normal",
        "end": 1531799999999,
        "startIsMilestone": false,
        "endIsMilestone": false,
        "collapsed": false,
        "canWrite": true,
        "canAdd": true,
        "canDelete": true,
        "canAddIssue": true,
        "assigs": [{
            "id": "tmp_1530813957527_1",
            "resourceId": "tmp_1530810484600_1",
            "roleId": "tmp_2",
            "effort": 3600000
        }],
        "hasChild": false
    }, {
        "id": -6,
        "name": "Business Case Approval",
        "progress": 0,
        "progressByWorklog": false,
        "description": "",
        "code": "",
        "level": 2,
        "status": "STATUS_WAITING",
        "depends": "4",
        "start": 1531972800000,
        "duration": 1,
        "min_duration": "0.25",
        "max_duration": "2",
        "distribution": "Normal",
        "end": 1532059199999,
        "startIsMilestone": false,
        "endIsMilestone": false,
        "collapsed": false,
        "canWrite": true,
        "canAdd": true,
        "canDelete": true,
        "canAddIssue": true,
        "assigs": [{
            "id": "tmp_1530814015054_1",
            "resourceId": "tmp_1530810484600_1",
            "roleId": "tmp_2",
            "effort": 3600000
        }, {
            "id": "tmp_1530814015057_2",
            "resourceId": "tmp_2",
            "roleId": "tmp_3",
            "effort": 3600000
        }],
        "hasChild": false
    }, {
        "id": "tmp_fk1530808455059_1",
        "name": "ANALYSIS",
        "progress": 0,
        "progressByWorklog": false,
        "relevance": 0,
        "type": "",
        "typeId": "",
        "description": "",
        "code": "",
        "level": 1,
        "status": "STATUS_ACTIVE",
        "depends": "",
        "start": 1532059200000,
        "duration": 6,
        "distribution": "",
        "end": 1532750399999,
        "startIsMilestone": false,
        "endIsMilestone": false,
        "collapsed": false,
        "canWrite": true,
        "canAdd": true,
        "canDelete": true,
        "canAddIssue": true,
        "assigs": [],
        "distributions": "Normal"
    }, {
        "id": "tmp_fk1530808504169_1",
        "name": "Requirement Gathering",
        "progress": 0,
        "progressByWorklog": false,
        "description": "",
        "code": "",
        "level": 2,
        "status": "STATUS_WAITING",
        "depends": "6",
        "start": 1532059200000,
        "duration": 4,
        "min_duration": "2",
        "max_duration": "6",
        "distribution": "",
        "end": 1532577599999,
        "startIsMilestone": false,
        "endIsMilestone": false,
        "canWrite": true,
        "canAdd": true,
        "canDelete": true,
        "canAddIssue": true,
        "assigs": [{
            "id": "tmp_1530814293247_1",
            "resourceId": "tmp_1530810484600_1",
            "roleId": "tmp_2",
            "effort": 3600000
        }, {
            "id": "tmp_1530814293248_2",
            "resourceId": "tmp_1530810484600_2",
            "roleId": "tmp_2",
            "effort": 0
        }],
        "distributions": "Normal"
    }, {
        "id": "tmp_fk1530808548596_1",
        "name": "Requirements Review",
        "progress": 0,
        "progressByWorklog": false,
        "description": "",
        "code": "",
        "level": 2,
        "status": "STATUS_WAITING",
        "depends": "8",
        "start": 1532577600000,
        "duration": 1,
        "min_duration": "0.5",
        "max_duration": "2",
        "distribution": "",
        "end": 1532663999999,
        "startIsMilestone": false,
        "endIsMilestone": false,
        "canWrite": true,
        "canAdd": true,
        "canDelete": true,
        "canAddIssue": true,
        "assigs": [{
            "id": "tmp_1530814340817_1",
            "resourceId": "tmp_1",
            "roleId": "tmp_1",
            "effort": 3600000
        }, {
            "id": "tmp_1530814340820_2",
            "resourceId": "tmp_2",
            "roleId": "tmp_3",
            "effort": 3600000
        }, {
            "id": "tmp_1530814340823_3",
            "resourceId": "tmp_1530810484600_1",
            "roleId": "tmp_2",
            "effort": 3600000
        }, {
            "id": "tmp_1530814340825_4",
            "resourceId": "tmp_1530810484600_2",
            "roleId": "tmp_2",
            "effort": 3600000
        }],
        "distributions": "Normal"
    }, {
        "id": "tmp_fk1530808561139_1",
        "name": "Requirements Sign-off",
        "progress": 0,
        "progressByWorklog": false,
        "description": "",
        "code": "",
        "level": 2,
        "status": "STATUS_WAITING",
        "depends": "9",
        "start": 1532664000000,
        "duration": 1,
        "min_duration": "0.5",
        "max_duration": "1.5",
        "distribution": "",
        "end": 1532750399999,
        "startIsMilestone": false,
        "endIsMilestone": false,
        "canWrite": true,
        "canAdd": true,
        "canDelete": true,
        "canAddIssue": true,
        "assigs": [{
            "id": "tmp_1530814484585_1",
            "resourceId": "tmp_2",
            "roleId": "tmp_3",
            "effort": 3600000
        }, {
            "id": "tmp_1530814711979_1",
            "resourceId": "tmp_1",
            "roleId": "tmp_1",
            "effort": 3600000
        }],
        "distributions": "Normal"
    }, {
        "id": "tmp_fk1530808584381_1",
        "name": "DESIGN",
        "progress": 0,
        "progressByWorklog": false,
        "relevance": 0,
        "type": "",
        "typeId": "",
        "description": "",
        "code": "",
        "level": 1,
        "status": "STATUS_ACTIVE",
        "depends": "",
        "start": 1530849600000,
        "duration": 4,
        "distribution": "",
        "end": 1531367999999,
        "startIsMilestone": false,
        "endIsMilestone": false,
        "collapsed": false,
        "canWrite": true,
        "canAdd": true,
        "canDelete": true,
        "canAddIssue": true,
        "assigs": []
    }, {
        "id": "tmp_fk1530808639482_1",
        "name": "High Level Design Document",
        "progress": 0,
        "progressByWorklog": false,
        "description": "",
        "code": "",
        "level": 2,
        "status": "STATUS_ACTIVE",
        "depends": "",
        "start": 1530849600000,
        "duration": 4,
        "min_duration": "2",
        "max_duration": "5",
        "distribution": "",
        "end": 1531367999999,
        "startIsMilestone": false,
        "endIsMilestone": false,
        "canWrite": true,
        "canAdd": true,
        "canDelete": true,
        "canAddIssue": true,
        "assigs": [{
            "id": "tmp_1530814469209_1",
            "resourceId": "tmp_1530810484600_1",
            "roleId": "tmp_2",
            "effort": 3600000
        }],
        "distributions": "Normal"
    }, {
        "id": "tmp_fk1530809031185_1",
        "name": "Design Review",
        "progress": 0,
        "progressByWorklog": false,
        "description": "",
        "code": "",
        "level": 2,
        "status": "STATUS_ACTIVE",
        "depends": "",
        "start": 1530849600000,
        "duration": 1,
        "min_duration": "0.5",
        "max_duration": "2",
        "distribution": "",
        "end": 1530935999999,
        "startIsMilestone": false,
        "endIsMilestone": false,
        "canWrite": true,
        "canAdd": true,
        "canDelete": true,
        "canAddIssue": true,
        "assigs": [{
            "id": "tmp_1530814535431_1",
            "resourceId": "tmp_1530810484604_6",
            "roleId": "tmp_3",
            "effort": 3600000
        }, {
            "id": "tmp_1530814535434_2",
            "resourceId": "tmp_1530810484600_1",
            "roleId": "tmp_2",
            "effort": 3600000
        }, {
            "id": "tmp_1530814535435_3",
            "resourceId": "tmp_1530810484600_2",
            "roleId": "tmp_2",
            "effort": 3600000
        }],
        "distributions": "Normal"
    }, {
        "id": "tmp_fk1530809046914_1",
        "name": "Architecture validation",
        "progress": 0,
        "progressByWorklog": false,
        "description": "",
        "code": "",
        "level": 2,
        "status": "STATUS_ACTIVE",
        "depends": "",
        "start": 1530849600000,
        "duration": 2,
        "min_duration": "0.75",
        "max_duration": "3.5",
        "distribution": "",
        "end": 1531195199999,
        "startIsMilestone": false,
        "endIsMilestone": false,
        "canWrite": true,
        "canAdd": true,
        "canDelete": true,
        "canAddIssue": true,
        "assigs": [{
            "id": "tmp_1530814557127_1",
            "resourceId": "tmp_1530810484604_6",
            "roleId": "tmp_3",
            "effort": 3600000
        }, {
            "id": "tmp_1530814722920_1",
            "resourceId": "tmp_1",
            "roleId": "tmp_1",
            "effort": 3600000
        }],
        "distributions": "Normal"
    }, {
        "id": "tmp_fk1530809065215_1",
        "name": "BUILD",
        "progress": 0,
        "progressByWorklog": false,
        "relevance": 0,
        "type": "",
        "typeId": "",
        "description": "",
        "code": "",
        "level": 1,
        "status": "STATUS_ACTIVE",
        "depends": "",
        "start": 1530849600000,
        "duration": 8,
        "distribution": "",
        "end": 1531886399999,
        "startIsMilestone": false,
        "endIsMilestone": false,
        "collapsed": false,
        "canWrite": true,
        "canAdd": true,
        "canDelete": true,
        "canAddIssue": true,
        "assigs": []
    }, {
        "id": "tmp_fk1530809098402_1",
        "name": "Component 1",
        "progress": 0,
        "progressByWorklog": false,
        "relevance": 0,
        "type": "",
        "typeId": "",
        "description": "",
        "code": "",
        "level": 2,
        "status": "STATUS_ACTIVE",
        "depends": "",
        "start": 1530849600000,
        "duration": 8,
        "distribution": "",
        "end": 1531886399999,
        "startIsMilestone": false,
        "endIsMilestone": false,
        "collapsed": false,
        "canWrite": true,
        "canAdd": true,
        "canDelete": true,
        "canAddIssue": true,
        "assigs": []
    }, {
        "id": "tmp_fk1530809118998_1",
        "name": "Component 1 Coding",
        "progress": 0,
        "progressByWorklog": false,
        "description": "",
        "code": "",
        "level": 3,
        "status": "STATUS_ACTIVE",
        "depends": "",
        "start": 1530849600000,
        "duration": 6,
        "min_duration": "4",
        "max_duration": "8",
        "distribution": "",
        "end": 1531540799999,
        "startIsMilestone": false,
        "endIsMilestone": false,
        "canWrite": true,
        "canAdd": true,
        "canDelete": true,
        "canAddIssue": true,
        "assigs": [{
            "id": "tmp_1530814580233_1",
            "resourceId": "tmp_1530810484603_4",
            "roleId": "tmp_2",
            "effort": 3600000
        }],
        "distributions": "Normal"
    }, {
        "id": "tmp_fk1530809156899_1",
        "name": "Component 1 Unit Testing",
        "progress": 0,
        "progressByWorklog": false,
        "description": "",
        "code": "",
        "level": 3,
        "status": "STATUS_WAITING",
        "depends": "17",
        "start": 1531713600000,
        "duration": 2,
        "min_duration": "1",
        "max_duration": "3",
        "distribution": "",
        "end": 1531886399999,
        "startIsMilestone": false,
        "endIsMilestone": false,
        "canWrite": true,
        "canAdd": true,
        "canDelete": true,
        "canAddIssue": true,
        "assigs": [{
            "id": "tmp_1530814608248_1",
            "resourceId": "tmp_1530810484603_4",
            "roleId": "tmp_2",
            "effort": 3600000
        }, {
            "id": "tmp_1530814608250_2",
            "resourceId": "tmp_3",
            "roleId": "tmp_2",
            "effort": 3600000
        }],
        "distributions": "Normal"
    }, {
        "id": "tmp_fk1530809173071_1",
        "name": "Component 2",
        "progress": 0,
        "progressByWorklog": false,
        "relevance": 0,
        "type": "",
        "typeId": "",
        "description": "",
        "code": "",
        "level": 2,
        "status": "STATUS_ACTIVE",
        "depends": "",
        "start": 1530849600000,
        "duration": 8,
        "distribution": "",
        "end": 1531886399999,
        "startIsMilestone": false,
        "endIsMilestone": false,
        "collapsed": false,
        "canWrite": true,
        "canAdd": true,
        "canDelete": true,
        "canAddIssue": true,
        "assigs": []
    }, {
        "id": "tmp_fk1530809178136_1",
        "name": "Component 2 Coding",
        "progress": 0,
        "progressByWorklog": false,
        "description": "",
        "code": "",
        "level": 3,
        "status": "STATUS_ACTIVE",
        "depends": "",
        "start": 1530849600000,
        "duration": 8,
        "min_duration": "5",
        "max_duration": "10",
        "distribution": "",
        "end": 1531886399999,
        "startIsMilestone": false,
        "endIsMilestone": false,
        "canWrite": true,
        "canAdd": true,
        "canDelete": true,
        "canAddIssue": true,
        "assigs": [{
            "id": "tmp_1530814622573_1",
            "resourceId": "tmp_3",
            "roleId": "tmp_2",
            "effort": 3600000
        }],
        "distributions": "Normal"
    }, {
        "id": "tmp_fk1530809191710_1",
        "name": "Component 2 Unit Testing",
        "progress": 0,
        "progressByWorklog": false,
        "description": "",
        "code": "",
        "level": 3,
        "status": "STATUS_ACTIVE",
        "depends": "",
        "start": 1530849600000,
        "duration": 3,
        "min_duration": "1.5",
        "max_duration": "4",
        "distribution": "",
        "end": 1531281599999,
        "startIsMilestone": false,
        "endIsMilestone": false,
        "canWrite": true,
        "canAdd": true,
        "canDelete": true,
        "canAddIssue": true,
        "assigs": [{
            "id": "tmp_1530814654107_1",
            "resourceId": "tmp_3",
            "roleId": "tmp_2",
            "effort": 3600000
        }, {
            "id": "tmp_1530814654109_2",
            "resourceId": "tmp_1530810484603_4",
            "roleId": "tmp_2",
            "effort": 3600000
        }],
        "distributions": "Normal"
    }, {
        "id": "tmp_fk1530809249372_1",
        "name": "Integration Testing",
        "progress": 0,
        "progressByWorklog": false,
        "description": "",
        "code": "",
        "level": 2,
        "status": "STATUS_ACTIVE",
        "depends": "",
        "start": 1530849600000,
        "duration": 4,
        "min_duration": "3",
        "max_duration": "7",
        "distribution": "",
        "end": 1531367999999,
        "startIsMilestone": false,
        "endIsMilestone": false,
        "canWrite": true,
        "canAdd": true,
        "canDelete": true,
        "canAddIssue": true,
        "assigs": [{
            "id": "tmp_1530814696308_1",
            "resourceId": "tmp_1530810484603_4",
            "roleId": "tmp_2",
            "effort": 3600000
        }, {
            "id": "tmp_1530814696311_2",
            "resourceId": "tmp_3",
            "roleId": "tmp_2",
            "effort": 3600000
        }, {
            "id": "tmp_1530814696313_3",
            "resourceId": "tmp_1530810484604_6",
            "roleId": "tmp_3",
            "effort": 3600000
        }, {
            "id": "tmp_1530814696316_4",
            "resourceId": "tmp_1",
            "roleId": "tmp_1",
            "effort": 3600000
        }],
        "distributions": "Normal"
    }, {
        "id": "tmp_fk1530809263071_1",
        "name": "Setup QA Environment",
        "progress": 0,
        "progressByWorklog": false,
        "description": "",
        "code": "",
        "level": 2,
        "status": "STATUS_ACTIVE",
        "depends": "",
        "start": 1530849600000,
        "duration": 2,
        "min_duration": "1",
        "max_duration": "3",
        "distribution": "",
        "end": 1531195199999,
        "startIsMilestone": false,
        "endIsMilestone": false,
        "canWrite": true,
        "canAdd": true,
        "canDelete": true,
        "canAddIssue": true,
        "assigs": [{
            "id": "tmp_1530814773794_1",
            "resourceId": "tmp_1530810484601_3",
            "roleId": "tmp_2",
            "effort": 3600000
        }, {
            "id": "tmp_1530814773797_2",
            "resourceId": "tmp_3",
            "roleId": "tmp_2",
            "effort": 3600000
        }, {
            "id": "tmp_1530814773799_3",
            "resourceId": "tmp_1530810484603_4",
            "roleId": "tmp_2",
            "effort": 3600000
        }],
        "distributions": "Normal"
    }, {
        "id": "tmp_fk1530809293710_1",
        "name": "TESTING/QA",
        "progress": 0,
        "progressByWorklog": false,
        "relevance": 0,
        "type": "",
        "typeId": "",
        "description": "",
        "code": "",
        "level": 1,
        "status": "STATUS_ACTIVE",
        "depends": "",
        "start": 1530849600000,
        "duration": 4,
        "distribution": "",
        "end": 1531367999999,
        "startIsMilestone": false,
        "endIsMilestone": false,
        "collapsed": false,
        "canWrite": true,
        "canAdd": true,
        "canDelete": true,
        "canAddIssue": true,
        "assigs": []
    }, {
        "id": "tmp_fk1530809338991_1",
        "name": "Test Planning",
        "progress": 0,
        "progressByWorklog": false,
        "relevance": 0,
        "type": "",
        "typeId": "",
        "description": "",
        "code": "",
        "level": 2,
        "status": "STATUS_ACTIVE",
        "depends": "",
        "start": 1530849600000,
        "duration": 4,
        "distribution": "",
        "end": 1531367999999,
        "startIsMilestone": false,
        "endIsMilestone": false,
        "collapsed": false,
        "canWrite": true,
        "canAdd": true,
        "canDelete": true,
        "canAddIssue": true,
        "assigs": []
    }, {
        "id": "tmp_fk1530809390284_1",
        "name": "Draft Test Case Library",
        "progress": 0,
        "progressByWorklog": false,
        "description": "",
        "code": "",
        "level": 3,
        "status": "STATUS_ACTIVE",
        "depends": "",
        "start": 1530849600000,
        "duration": 4,
        "min_duration": "3.5",
        "max_duration": "8",
        "distribution": "",
        "end": 1531367999999,
        "startIsMilestone": false,
        "endIsMilestone": false,
        "canWrite": true,
        "canAdd": true,
        "canDelete": true,
        "canAddIssue": true,
        "assigs": [{
            "id": "tmp_1530814879680_1",
            "resourceId": "tmp_1530810484603_5",
            "roleId": "tmp_2",
            "effort": 3600000
        }, {
            "id": "tmp_1530814879695_2",
            "resourceId": "tmp_1530810484600_2",
            "roleId": "tmp_2",
            "effort": 3600000
        }, {
            "id": "tmp_1530815035698_1",
            "resourceId": "tmp_1530810484600_1",
            "roleId": "tmp_2",
            "effort": 3600000
        }],
        "distributions": "Normal"
    }, {
        "id": "tmp_fk1530809404118_1",
        "name": "Review Test Case Library",
        "progress": 0,
        "progressByWorklog": false,
        "description": "",
        "code": "",
        "level": 3,
        "status": "STATUS_ACTIVE",
        "depends": "",
        "start": 1530849600000,
        "duration": 2,
        "min_duration": "1.5",
        "max_duration": "4",
        "distribution": "",
        "end": 1531195199999,
        "startIsMilestone": false,
        "endIsMilestone": false,
        "canWrite": true,
        "canAdd": true,
        "canDelete": true,
        "canAddIssue": true,
        "assigs": [{
            "id": "tmp_1530814908943_1",
            "resourceId": "tmp_1530810484600_2",
            "roleId": "tmp_2",
            "effort": 3600000
        }, {
            "id": "tmp_1530814908945_2",
            "resourceId": "tmp_1",
            "roleId": "tmp_1",
            "effort": 3600000
        }, {
            "id": "tmp_1530814908959_3",
            "resourceId": "tmp_2",
            "roleId": "tmp_3",
            "effort": 3600000
        }],
        "distributions": "Normal"
    }, {
        "id": "tmp_fk1530809421470_1",
        "name": "Sign-off Test Case Library",
        "progress": 0,
        "progressByWorklog": false,
        "description": "",
        "code": "",
        "level": 3,
        "status": "STATUS_ACTIVE",
        "depends": "",
        "start": 1530849600000,
        "duration": 1,
        "min_duration": "1",
        "max_duration": "1",
        "distribution": "",
        "end": 1530935999999,
        "startIsMilestone": false,
        "endIsMilestone": false,
        "canWrite": true,
        "canAdd": true,
        "canDelete": true,
        "canAddIssue": true,
        "assigs": [{
            "id": "tmp_1530814846888_1",
            "resourceId": "tmp_1",
            "roleId": "tmp_1",
            "effort": 3600000
        }, {
            "id": "tmp_1530814846890_2",
            "resourceId": "tmp_2",
            "roleId": "tmp_3",
            "effort": 3600000
        }, {
            "id": "tmp_1530814846893_3",
            "resourceId": "tmp_1530810484600_2",
            "roleId": "tmp_2",
            "effort": 3600000
        }, {
            "id": "tmp_1530814846895_4",
            "resourceId": "tmp_1530810484603_5",
            "roleId": "tmp_2",
            "effort": 3600000
        }],
        "distributions": "Normal"
    }, {
        "id": "tmp_fk1530809508506_1",
        "name": "Test Execution",
        "progress": 0,
        "progressByWorklog": false,
        "relevance": 0,
        "type": "",
        "typeId": "",
        "description": "",
        "code": "",
        "level": 2,
        "status": "STATUS_ACTIVE",
        "depends": "",
        "start": 1530849600000,
        "duration": 4,
        "distribution": "",
        "end": 1531367999999,
        "startIsMilestone": false,
        "endIsMilestone": false,
        "collapsed": false,
        "canWrite": true,
        "canAdd": true,
        "canDelete": true,
        "canAddIssue": true,
        "assigs": []
    }, {
        "id": "tmp_fk1530809527305_1",
        "name": "Cycle 1 - UAT",
        "progress": 0,
        "progressByWorklog": false,
        "description": "",
        "code": "",
        "level": 3,
        "status": "STATUS_ACTIVE",
        "depends": "",
        "start": 1530849600000,
        "duration": 4,
        "min_duration": "3",
        "max_duration": "6",
        "distribution": "",
        "end": 1531367999999,
        "startIsMilestone": false,
        "endIsMilestone": false,
        "canWrite": true,
        "canAdd": true,
        "canDelete": true,
        "canAddIssue": true,
        "assigs": [{
            "id": "tmp_1530814972992_1",
            "resourceId": "tmp_1530810484600_2",
            "roleId": "tmp_2",
            "effort": 3600000
        }, {
            "id": "tmp_1530814972996_2",
            "resourceId": "tmp_1530810484603_5",
            "roleId": "tmp_2",
            "effort": 3600000
        }],
        "distributions": "Normal"
    }, {
        "id": "tmp_fk1530809551167_1",
        "name": "Bug Fixing",
        "progress": 0,
        "progressByWorklog": false,
        "description": "",
        "code": "",
        "level": 3,
        "status": "STATUS_ACTIVE",
        "depends": "",
        "start": 1530849600000,
        "duration": 2,
        "min_duration": "1.25",
        "max_duration": "4",
        "distribution": "",
        "end": 1531195199999,
        "startIsMilestone": false,
        "endIsMilestone": false,
        "canWrite": true,
        "canAdd": true,
        "canDelete": true,
        "canAddIssue": true,
        "assigs": [{
            "id": "tmp_1530815018386_1",
            "resourceId": "tmp_1530810484604_6",
            "roleId": "tmp_3",
            "effort": 3600000
        }, {
            "id": "tmp_1530815018389_2",
            "resourceId": "tmp_1530810484603_4",
            "roleId": "tmp_2",
            "effort": 3600000
        }, {
            "id": "tmp_1530815018392_3",
            "resourceId": "tmp_3",
            "roleId": "tmp_2",
            "effort": 3600000
        }],
        "distributions": "Normal"
    }, {
        "id": "tmp_fk1530809679359_1",
        "name": "Cycle 2 - UAT",
        "progress": 0,
        "progressByWorklog": false,
        "description": "",
        "code": "",
        "level": 3,
        "status": "STATUS_ACTIVE",
        "depends": "",
        "start": 1530849600000,
        "duration": 3,
        "min_duration": "2",
        "max_duration": "4",
        "distribution": "",
        "end": 1531281599999,
        "startIsMilestone": false,
        "endIsMilestone": false,
        "canWrite": true,
        "canAdd": true,
        "canDelete": true,
        "canAddIssue": true,
        "assigs": [{
            "id": "tmp_1530815061875_1",
            "resourceId": "tmp_1530810484603_5",
            "roleId": "tmp_2",
            "effort": 3600000
        }, {
            "id": "tmp_1530815061876_2",
            "resourceId": "tmp_1530810484600_2",
            "roleId": "tmp_2",
            "effort": 3600000
        }],
        "distributions": "Normal"
    }, {
        "id": "tmp_fk1530809683248_1",
        "name": "Solution cleared for Deploy",
        "progress": 0,
        "progressByWorklog": false,
        "description": "",
        "code": "",
        "level": 3,
        "status": "STATUS_ACTIVE",
        "depends": "",
        "start": 1530849600000,
        "duration": 1,
        "min_duration": "0",
        "max_duration": "0",
        "distribution": "",
        "end": 1530935999999,
        "startIsMilestone": true,
        "endIsMilestone": true,
        "canWrite": true,
        "canAdd": true,
        "canDelete": true,
        "canAddIssue": true,
        "assigs": [{
            "id": "tmp_1530815079571_1",
            "resourceId": "tmp_1",
            "roleId": "tmp_1",
            "effort": 3600000
        }],
        "distributions": "Normal"
    }, {
        "id": "tmp_fk1530809741759_1",
        "name": "DEPLOYMENT",
        "progress": 0,
        "progressByWorklog": false,
        "relevance": 0,
        "type": "",
        "typeId": "",
        "description": "",
        "code": "",
        "level": 1,
        "status": "STATUS_ACTIVE",
        "depends": "",
        "start": 1530849600000,
        "duration": 5,
        "distribution": "",
        "end": 1531454399999,
        "startIsMilestone": false,
        "endIsMilestone": false,
        "collapsed": false,
        "canWrite": true,
        "canAdd": true,
        "canDelete": true,
        "canAddIssue": true,
        "assigs": []
    }, {
        "id": "tmp_fk1530809747446_1",
        "name": "Schedule Release",
        "progress": 0,
        "progressByWorklog": false,
        "description": "",
        "code": "",
        "level": 2,
        "status": "STATUS_ACTIVE",
        "depends": "",
        "start": 1530849600000,
        "duration": 1,
        "min_duration": "1",
        "max_duration": "1",
        "distribution": "",
        "end": 1530935999999,
        "startIsMilestone": false,
        "endIsMilestone": false,
        "canWrite": true,
        "canAdd": true,
        "canDelete": true,
        "canAddIssue": true,
        "assigs": [{
            "id": "tmp_1530815090566_1",
            "resourceId": "tmp_1",
            "roleId": "tmp_1",
            "effort": 3600000
        }],
        "distributions": "Normal"
    }, {
        "id": "tmp_fk1530809757842_1",
        "name": "Training",
        "progress": 0,
        "progressByWorklog": false,
        "relevance": 0,
        "type": "",
        "typeId": "",
        "description": "",
        "code": "",
        "level": 2,
        "status": "STATUS_ACTIVE",
        "depends": "",
        "start": 1530849600000,
        "duration": 5,
        "distribution": "",
        "end": 1531454399999,
        "startIsMilestone": false,
        "endIsMilestone": false,
        "collapsed": false,
        "canWrite": true,
        "canAdd": true,
        "canDelete": true,
        "canAddIssue": true,
        "assigs": []
    }, {
        "id": "tmp_fk1530809771112_1",
        "name": "User Training",
        "progress": 0,
        "progressByWorklog": false,
        "description": "",
        "code": "",
        "level": 3,
        "status": "STATUS_ACTIVE",
        "depends": "",
        "start": 1530849600000,
        "duration": 5,
        "min_duration": "2",
        "max_duration": "7",
        "distribution": "",
        "end": 1531454399999,
        "startIsMilestone": false,
        "endIsMilestone": false,
        "canWrite": true,
        "canAdd": true,
        "canDelete": true,
        "canAddIssue": true,
        "assigs": [{
            "id": "tmp_1530815152263_1",
            "resourceId": "tmp_1",
            "roleId": "tmp_1",
            "effort": 3600000
        }, {
            "id": "tmp_1530815152264_2",
            "resourceId": "tmp_1530810484600_1",
            "roleId": "tmp_2",
            "effort": 3600000
        }, {
            "id": "tmp_1530815152275_3",
            "resourceId": "tmp_1530810484600_2",
            "roleId": "tmp_2",
            "effort": 3600000
        }, {
            "id": "tmp_1530815152277_4",
            "resourceId": "tmp_1530810484603_5",
            "roleId": "tmp_2",
            "effort": 3600000
        }, {
            "id": "tmp_1530815177716_1",
            "resourceId": "tmp_2",
            "roleId": "tmp_3",
            "effort": 3600000
        }],
        "distributions": "Normal"
    }, {
        "id": "tmp_fk1530809781446_1",
        "name": "ITSM Knowledge transfer",
        "progress": 0,
        "progressByWorklog": false,
        "description": "",
        "code": "",
        "level": 3,
        "status": "STATUS_ACTIVE",
        "depends": "",
        "start": 1530849600000,
        "duration": 3,
        "min_duration": "2",
        "max_duration": "4",
        "distribution": "",
        "end": 1531281599999,
        "startIsMilestone": false,
        "endIsMilestone": false,
        "canWrite": true,
        "canAdd": true,
        "canDelete": true,
        "canAddIssue": true,
        "assigs": [{
            "id": "tmp_1530815192725_1",
            "resourceId": "tmp_1",
            "roleId": "tmp_1",
            "effort": 3600000
        }],
        "distributions": "Normal"
    }, {
        "id": "tmp_fk1530809812675_1",
        "name": "Notify Change Control",
        "progress": 0,
        "progressByWorklog": false,
        "description": "",
        "code": "",
        "level": 2,
        "status": "STATUS_ACTIVE",
        "depends": "",
        "start": 1530849600000,
        "duration": 1,
        "min_duration": "0.25",
        "max_duration": "1",
        "distribution": "",
        "end": 1530935999999,
        "startIsMilestone": false,
        "endIsMilestone": false,
        "canWrite": true,
        "canAdd": true,
        "canDelete": true,
        "canAddIssue": true,
        "assigs": [{
            "id": "tmp_1530815203067_1",
            "resourceId": "tmp_1",
            "roleId": "tmp_1",
            "effort": 3600000
        }],
        "distributions": "Normal"
    }, {
        "id": "tmp_fk1530809828207_1",
        "name": "Deployment Execution",
        "progress": 0,
        "progressByWorklog": false,
        "relevance": 0,
        "type": "",
        "typeId": "",
        "description": "",
        "code": "",
        "level": 2,
        "status": "STATUS_ACTIVE",
        "depends": "",
        "start": 1530849600000,
        "duration": 2,
        "distribution": "",
        "end": 1531195199999,
        "startIsMilestone": false,
        "endIsMilestone": false,
        "canWrite": true,
        "canAdd": true,
        "canDelete": true,
        "canAddIssue": true,
        "assigs": []
    }, {
        "id": "tmp_fk1530809868893_1",
        "name": "Setup Production Environments",
        "progress": 0,
        "progressByWorklog": false,
        "description": "",
        "code": "",
        "level": 3,
        "status": "STATUS_ACTIVE",
        "depends": "",
        "start": 1530849600000,
        "duration": 2,
        "min_duration": "1",
        "max_duration": "2.5",
        "distribution": "",
        "end": 1531195199999,
        "startIsMilestone": false,
        "endIsMilestone": false,
        "canWrite": true,
        "canAdd": true,
        "canDelete": true,
        "canAddIssue": true,
        "assigs": [{
            "id": "tmp_1530815226343_1",
            "resourceId": "tmp_1530810484601_3",
            "roleId": "tmp_2",
            "effort": 3600000
        }],
        "distributions": "Beta"
    }, {
        "id": "tmp_fk1530809883686_1",
        "name": "Execute Data Migration",
        "progress": 0,
        "progressByWorklog": false,
        "description": "",
        "code": "",
        "level": 3,
        "status": "STATUS_ACTIVE",
        "depends": "",
        "start": 1530849600000,
        "duration": 1,
        "min_duration": "0.75",
        "max_duration": "1.5",
        "distribution": "",
        "end": 1530935999999,
        "startIsMilestone": false,
        "endIsMilestone": false,
        "canWrite": true,
        "canAdd": true,
        "canDelete": true,
        "canAddIssue": true,
        "assigs": [{
            "id": "tmp_1530815249707_1",
            "resourceId": "tmp_1530810484603_4",
            "roleId": "tmp_2",
            "effort": 3600000
        }],
        "distributions": "Normal"
    }, {
        "id": "tmp_fk1530809891492_1",
        "name": "Deploy new solution",
        "progress": 0,
        "progressByWorklog": false,
        "description": "",
        "code": "",
        "level": 3,
        "status": "STATUS_ACTIVE",
        "depends": "",
        "start": 1530849600000,
        "duration": 1,
        "min_duration": "0.25",
        "max_duration": "1",
        "distribution": "",
        "end": 1530935999999,
        "startIsMilestone": false,
        "endIsMilestone": false,
        "canWrite": true,
        "canAdd": true,
        "canDelete": true,
        "canAddIssue": true,
        "assigs": [{
            "id": "tmp_1530815299969_1",
            "resourceId": "tmp_3",
            "roleId": "tmp_2",
            "effort": 3600000
        }],
        "distributions": "Normal"
    }, {
        "id": "tmp_fk1530809905047_1",
        "name": "Conduct verification tests",
        "progress": 0,
        "progressByWorklog": false,
        "description": "",
        "code": "",
        "level": 3,
        "status": "STATUS_ACTIVE",
        "depends": "",
        "start": 1530849600000,
        "duration": 1,
        "min_duration": "0.1",
        "max_duration": "0.5",
        "distribution": "",
        "end": 1530935999999,
        "startIsMilestone": false,
        "endIsMilestone": false,
        "canWrite": true,
        "canAdd": true,
        "canDelete": true,
        "canAddIssue": true,
        "assigs": [{
            "id": "tmp_1530815365873_1",
            "resourceId": "tmp_1",
            "roleId": "tmp_1",
            "effort": 3600000
        }, {
            "id": "tmp_1530815365876_2",
            "resourceId": "tmp_1530810484603_5",
            "roleId": "tmp_2",
            "effort": 3600000
        }, {
            "id": "tmp_1530815365879_3",
            "resourceId": "tmp_1530810484600_2",
            "roleId": "tmp_2",
            "effort": 3600000
        }, {
            "id": "tmp_1530815365881_4",
            "resourceId": "tmp_1530810484600_1",
            "roleId": "tmp_2",
            "effort": 3600000
        }],
        "distributions": "Normal"
    }, {
        "id": "tmp_fk1530809924475_1",
        "name": "Confirm Successful deployment",
        "progress": 0,
        "progressByWorklog": false,
        "description": "",
        "code": "",
        "level": 3,
        "status": "STATUS_ACTIVE",
        "depends": "",
        "start": 1530849600000,
        "duration": 1,
        "min_duration": "0.25",
        "max_duration": "1",
        "distribution": "",
        "end": 1530935999999,
        "startIsMilestone": false,
        "endIsMilestone": false,
        "canWrite": true,
        "canAdd": true,
        "canDelete": true,
        "canAddIssue": true,
        "assigs": [{
            "id": "tmp_1530815494387_1",
            "resourceId": "tmp_1",
            "roleId": "tmp_1",
            "effort": 3600000
        }, {
            "id": "tmp_1530815494391_2",
            "resourceId": "tmp_1530810484600_2",
            "roleId": "tmp_2",
            "effort": 3600000
        }],
        "distributions": "Normal"
    }, {
        "id": "tmp_fk1530809937977_1",
        "name": "Execute Rollback",
        "progress": 0,
        "progressByWorklog": false,
        "description": "",
        "code": "",
        "level": 3,
        "status": "STATUS_ACTIVE",
        "depends": "",
        "start": 1530849600000,
        "duration": 1,
        "min_duration": "1",
        "max_duration": "1.5",
        "distribution": "",
        "end": 1530935999999,
        "startIsMilestone": false,
        "endIsMilestone": false,
        "canWrite": true,
        "canAdd": true,
        "canDelete": true,
        "canAddIssue": true,
        "assigs": [{
            "id": "tmp_1530815544682_1",
            "resourceId": "tmp_3",
            "roleId": "tmp_2",
            "effort": 3600000
        }, {
            "id": "tmp_1530815544684_2",
            "resourceId": "tmp_1530810484601_3",
            "roleId": "tmp_2",
            "effort": 3600000
        }, {
            "id": "tmp_1530815544687_3",
            "resourceId": "tmp_1530810484603_4",
            "roleId": "tmp_2",
            "effort": 3600000
        }],
        "distributions": "Normal"
    }, {
        "id": "tmp_fk1530809964813_1",
        "name": "Perform root-cause analysis",
        "progress": 0,
        "progressByWorklog": false,
        "description": "",
        "code": "",
        "level": 3,
        "status": "STATUS_ACTIVE",
        "depends": "",
        "start": 1530849600000,
        "duration": 1,
        "min_duration": "1",
        "max_duration": "1",
        "distribution": "",
        "end": 1530935999999,
        "startIsMilestone": false,
        "endIsMilestone": false,
        "canWrite": true,
        "canAdd": true,
        "canDelete": true,
        "canAddIssue": true,
        "assigs": [{
            "id": "tmp_1530815633409_1",
            "resourceId": "tmp_1",
            "roleId": "tmp_1",
            "effort": 3600000
        }, {
            "id": "tmp_1530815633416_2",
            "resourceId": "tmp_3",
            "roleId": "tmp_2",
            "effort": 3600000
        }, {
            "id": "tmp_1530815633419_3",
            "resourceId": "tmp_1530810484603_4",
            "roleId": "tmp_2",
            "effort": 3600000
        }, {
            "id": "tmp_1530815633421_4",
            "resourceId": "tmp_1530810484601_3",
            "roleId": "tmp_2",
            "effort": 3600000
        }, {
            "id": "tmp_1530815633427_5",
            "resourceId": "tmp_1530810484604_6",
            "roleId": "tmp_3",
            "effort": 3600000
        }, {
            "id": "tmp_1530815633429_6",
            "resourceId": "tmp_1530810484603_5",
            "roleId": "tmp_2",
            "effort": 3600000
        }],
        "distributions": "Normal"
    }, {
        "id": "tmp_fk1530809986372_1",
        "name": "Communicate Results",
        "progress": 0,
        "progressByWorklog": false,
        "relevance": 0,
        "type": "",
        "typeId": "",
        "description": "",
        "code": "",
        "level": 2,
        "status": "STATUS_ACTIVE",
        "depends": "",
        "start": 1530849600000,
        "duration": 1,
        "min_duration": "0.1",
        "max_duration": "1",
        "distribution": "",
        "end": 1530935999999,
        "startIsMilestone": false,
        "endIsMilestone": false,
        "canWrite": true,
        "canAdd": true,
        "canDelete": true,
        "canAddIssue": true,
        "assigs": [],
        "distributions": "Normal"
    }, {
        "id": "tmp_fk1530810021494_1",
        "name": "MAINTANANCE",
        "progress": 0,
        "progressByWorklog": false,
        "relevance": 0,
        "type": "",
        "typeId": "",
        "description": "",
        "code": "",
        "level": 1,
        "status": "STATUS_ACTIVE",
        "depends": "",
        "start": 1530849600000,
        "duration": 10,
        "distribution": "",
        "end": 1532059199999,
        "startIsMilestone": false,
        "endIsMilestone": false,
        "collapsed": false,
        "canWrite": true,
        "canAdd": true,
        "canDelete": true,
        "canAddIssue": true,
        "assigs": []
    }, {
        "id": "tmp_fk1530810037449_1",
        "name": "Monitor tickets",
        "progress": 0,
        "progressByWorklog": false,
        "description": "",
        "code": "",
        "level": 2,
        "status": "STATUS_ACTIVE",
        "depends": "",
        "start": 1530849600000,
        "duration": 10,
        "min_duration": "5",
        "max_duration": "15",
        "distribution": "",
        "end": 1532059199999,
        "startIsMilestone": false,
        "endIsMilestone": false,
        "canWrite": true,
        "canAdd": true,
        "canDelete": true,
        "canAddIssue": true,
        "assigs": [{
            "id": "tmp_1530815643800_1",
            "resourceId": "tmp_1",
            "roleId": "tmp_1",
            "effort": 3600000
        }],
        "distributions": "Normal"
    }, {
        "id": "tmp_fk1530810050191_1",
        "name": "Correct bugs",
        "progress": 0,
        "progressByWorklog": false,
        "description": "",
        "code": "",
        "level": 2,
        "status": "STATUS_ACTIVE",
        "depends": "",
        "start": 1530849600000,
        "duration": 8,
        "min_duration": "4",
        "max_duration": "16",
        "distribution": "",
        "end": 1531886399999,
        "startIsMilestone": false,
        "endIsMilestone": false,
        "canWrite": true,
        "canAdd": true,
        "canDelete": true,
        "canAddIssue": true,
        "assigs": [{
            "id": "tmp_1530815670950_1",
            "resourceId": "tmp_1530810484603_4",
            "roleId": "tmp_2",
            "effort": 3600000
        }, {
            "id": "tmp_1530815670952_2",
            "resourceId": "tmp_3",
            "roleId": "tmp_2",
            "effort": 3600000
        }, {
            "id": "tmp_1530815747770_1",
            "resourceId": "tmp_1530810484604_6",
            "roleId": "tmp_3",
            "effort": 3600000
        }],
        "distributions": "Normal"
    }, {
        "id": "tmp_fk1530810062823_1",
        "name": "Deploy corrections",
        "progress": 0,
        "progressByWorklog": false,
        "description": "",
        "code": "",
        "level": 2,
        "status": "STATUS_ACTIVE",
        "depends": "",
        "start": 1530849600000,
        "duration": 4,
        "min_duration": "2",
        "max_duration": "8",
        "distribution": "",
        "end": 1531367999999,
        "startIsMilestone": false,
        "endIsMilestone": false,
        "canWrite": true,
        "canAdd": true,
        "canDelete": true,
        "canAddIssue": true,
        "assigs": [{
            "id": "tmp_1530815729489_1",
            "resourceId": "tmp_1530810484601_3",
            "roleId": "tmp_2",
            "effort": 3600000
        }, {
            "id": "tmp_1530815729493_2",
            "resourceId": "tmp_3",
            "roleId": "tmp_2",
            "effort": 3600000
        }, {
            "id": "tmp_1530815729495_3",
            "resourceId": "tmp_1530810484603_4",
            "roleId": "tmp_2",
            "effort": 3600000
        }, {
            "id": "tmp_1530815729497_4",
            "resourceId": "tmp_1530810484600_2",
            "roleId": "tmp_2",
            "effort": 3600000
        }, {
            "id": "tmp_1530815729499_5",
            "resourceId": "tmp_1530810484603_5",
            "roleId": "tmp_2",
            "effort": 3600000
        }],
        "distributions": "Normal"
    }, {
        "id": "tmp_fk1530810073799_1",
        "name": "T2R - Transition to ITSM team",
        "progress": 0,
        "progressByWorklog": false,
        "description": "",
        "code": "",
        "level": 2,
        "status": "STATUS_ACTIVE",
        "depends": "",
        "start": 1530849600000,
        "duration": 5,
        "min_duration": "2",
        "max_duration": "10",
        "distribution": "",
        "end": 1531454399999,
        "startIsMilestone": false,
        "endIsMilestone": false,
        "canWrite": true,
        "canAdd": true,
        "canDelete": true,
        "canAddIssue": true,
        "assigs": [{
            "id": "tmp_1530815760706_1",
            "resourceId": "tmp_1",
            "roleId": "tmp_1",
            "effort": 3600000
        }],
        "distributions": "Normal"
    }],
    "selectedRow": 52,
    "deletedTaskIds": [],
    "resources": [{
        "id": "tmp_1",
        "name": "John Smith"
    }, {
        "id": "tmp_2",
        "name": "David Young"
    }, {
        "id": "tmp_3",
        "name": "Wilson Miller"
    }, {
        "id": "tmp_1530810484600_1",
        "name": "Mark Rodgers"
    }, {
        "id": "tmp_1530810484600_2",
        "name": "Mia Adams"
    }, {
        "id": "tmp_1530810484601_3",
        "name": "Elizabeth Moore"
    }, {
        "id": "tmp_1530810484603_4",
        "name": "Mary Parker"
    }, {
        "id": "tmp_1530810484603_5",
        "name": "Nora King"
    }, {
        "id": "tmp_1530810484604_6",
        "name": "Justine Garcia"
    }],
    "roles": [{
        "id": "tmp_1",
        "name": "Project Manager"
    }, {
        "id": "tmp_2",
        "name": "Worker"
    }, {
        "id": "tmp_3",
        "name": "Stakeholder"
    }],
    "canWrite": true,
    "canWriteOnParent": true,
    "zoom": "1Q"
}