{
  "nodes": [
    {"id":"Resource 1","group":1},
    {"id":"Resource 2","group":2},
    {"id":"Resource 3","group":3},
    {"id":"<Project name>","group":5},
    {"id":"<Level 1>","group":5},
    {"id":"<Level 2.1>","group":5},
    {"id":"<Level 2.2>","group":5},
    {"id":"<Level 2.3>","group":5},
    {"id":"<Level 2.4>","group":5}
  ],
    "links" : [
      {"source":"<Level 2.1>","target":"Resource 1","value":2},
      {"source":"<Level 2.2>","target":"Resource 1","value":2},
      {"source":"<Level 2.2>","target":"Resource 2","value":2},
      {"source":"<Level 2.3>","target":"Resource 3","value":2}]
    }